10
c9fa12,E,Diehl,Dylan,67 West Oak Valley Court,Beatrice,NE,68503,USA,dylandiehl@icloud.com
oz901n,C,Smith,Jerry,285 Oakmont Stratton,Lawrence,KS,65810,USA,jsmith75@gmail.com
1icjam,P,Garfield,Gary,106 N 19th,Houndog,LA,19540,USA,garyloveslasagna@icloud.com
19ozud,E,Johnson,Arnold,Creative Apartments Apt 192,Princeton,NJ,10335,USA,jarnie88@hotmail.com
zm18te,C,Busch,Alex,104 Abel Hall,Grand Island,NE,18571,USA,hooraygamer@yahoo.com
1zqo0t,G,Mercedes,Agregory,918 West Washington,Clementine,OR,59184,USA,godgamer25@gmail.com
k7c93z,C,Moeller,James,104 West Hickory,Oklahoma City,OK,18571,USA,monkamode@mail.com
y7z01c,P,Muhammad,Dilshad,104 Dubai,Dubai,CA,37561,USA,dilshadder2k@yahoo.com
1mzn4n,P,Smith,Xavier,104 Washington,Creatile,ND,18139,USA,xsmith@gmail.com
z9aqq7,G,McGregor,Connor,618 London,Cratile,SD,18128,USA,mcgreg@mail.com,asdfasdf@gmail.com